{"stats":{"minecraft:mined":{"minecraft:diamond_block":16},"minecraft:killed":{"minecraft:bat":2},"minecraft:picked_up":{"minecraft:green_concrete":1,"minecraft:repeater":1,"minecraft:command_block":2,"minecraft:cactus":6659,"minecraft:oak_sign":114,"minecraft:blue_ice":1,"minecraft:diamond_block":15},"minecraft:custom":{"minecraft:time_since_rest":179608,"minecraft:crouch_one_cm":6790,"minecraft:play_one_minute":179608,"minecraft:sprint_one_cm":41560,"minecraft:walk_one_cm":70822,"minecraft:sneak_time":15446,"minecraft:walk_under_water_one_cm":70888,"minecraft:mob_kills":2,"minecraft:drop":20,"minecraft:jump":716,"minecraft:damage_dealt":120,"minecraft:leave_game":2,"minecraft:walk_on_water_one_cm":113771,"minecraft:time_since_death":179608,"minecraft:swim_one_cm":17351,"minecraft:fly_one_cm":772853},"minecraft:dropped":{"minecraft:cactus":375,"minecraft:repeater":1,"minecraft:oak_sign":1,"minecraft:blue_ice":1},"minecraft:used":{"minecraft:structure_block":10,"minecraft:stone_bricks":91,"minecraft:glass":552,"minecraft:netherite_sword":4,"minecraft:water_bucket":121,"minecraft:diamond_block":28,"minecraft:sand":76,"minecraft:command_block":1,"minecraft:red_wool":5,"minecraft:repeating_command_block":1,"minecraft:netherite_pickaxe":16,"minecraft:oak_sign":381,"minecraft:blue_ice":692,"minecraft:cactus":90,"minecraft:stone_pressure_plate":51,"minecraft:sandstone":109,"minecraft:spruce_fence":14}},"DataVersion":2580}