{"stats":{"minecraft:dropped":{"minecraft:water_bucket":1,"minecraft:repeating_command_block":8,"minecraft:repeater":3,"minecraft:hopper":1,"minecraft:end_portal_frame":1,"minecraft:redstone_torch":1,"minecraft:stone_bricks":1,"minecraft:sandstone":2,"minecraft:comparator":1,"minecraft:structure_block":5,"minecraft:green_concrete":2,"minecraft:glass":4,"minecraft:ender_eye":1,"minecraft:command_block":4,"minecraft:cactus":1713,"minecraft:oak_sign":12,"minecraft:warped_planks":384,"minecraft:redstone":4},"minecraft:picked_up":{"minecraft:warped_planks":384,"minecraft:diamond_block":1,"minecraft:stone_pressure_plate":60,"minecraft:green_concrete":1,"minecraft:oak_sign":193,"minecraft:cactus":55599,"minecraft:glass":1,"minecraft:repeating_command_block":2,"minecraft:command_block":2,"minecraft:redstone_torch":1},"minecraft:custom":{"minecraft:time_since_rest":269704,"minecraft:sprint_one_cm":21661,"minecraft:damage_taken":30,"minecraft:walk_one_cm":35336,"minecraft:drop":135,"minecraft:swim_one_cm":11823,"minecraft:fly_one_cm":1215811,"minecraft:play_one_minute":269704,"minecraft:crouch_one_cm":10483,"minecraft:sneak_time":13155,"minecraft:walk_under_water_one_cm":237578,"minecraft:jump":380,"minecraft:leave_game":4,"minecraft:walk_on_water_one_cm":444029,"minecraft:time_since_death":269704,"minecraft:fall_one_cm":569},"minecraft:used":{"minecraft:redstone_torch":8,"minecraft:glass":1196,"minecraft:ender_eye":5,"minecraft:water_bucket":227,"minecraft:green_concrete":2,"minecraft:dropper":2,"minecraft:command_block":22,"minecraft:red_wool":12,"minecraft:red_concrete":4,"minecraft:redstone":28,"minecraft:string":153,"minecraft:oak_sign":217,"minecraft:cactus":507,"minecraft:sandstone":6,"minecraft:stone":42,"minecraft:sand":268,"minecraft:structure_block":41,"minecraft:stone_bricks":268,"minecraft:repeater":20,"minecraft:green_terracotta":11,"minecraft:comparator":21,"minecraft:hopper":1,"minecraft:end_portal_frame":8,"minecraft:blue_ice":620,"minecraft:repeating_command_block":13,"minecraft:stone_pressure_plate":96,"minecraft:spruce_fence":148,"minecraft:smooth_stone":136}},"DataVersion":2580}